,name,company,year,Price,kms_driven,fuel_type
0,Santro Xing,Hyundai,2007,80000,45000,Petrol
1,Jeep CL550,Mahindra,2006,425000,40,Diesel
2,Grand i10,Hyundai,2014,325000,28000,Petrol
3,EcoSport Titanium,Ford,2014,575000,36000,Diesel
4,Figo,Ford,2012,175000,41000,Diesel
5,Eon,Hyundai,2013,190000,25000,Petrol
6,EcoSport Ambiente,Ford,2016,830000,24530,Diesel
7,Suzuki Alto,Maruti,2015,250000,60000,Petrol
8,Fabia Classic,Skoda,2010,182000,60000,Petrol
9,Suzuki Stingray,Maruti,2015,315000,30000,Petrol
10,Elite i20,Hyundai,2014,415000,32000,Petrol
11,Scorpio SLE,Mahindra,2015,320000,48660,Diesel
12,Santro Xing,Hyundai,2007,80000,45000,Petrol
13,Jeep CL550,Mahindra,2006,425000,40,Diesel
14,A8,Audi,2017,1000000,4000,Petrol
15,Q7,Audi,2014,500000,16934,Diesel
16,Scorpio S10,Mahindra,2016,350000,43000,Diesel
17,Suzuki Alto,Maruti,2014,160000,35550,Petrol
18,Scorpio S10,Mahindra,2016,350000,43000,Diesel
19,Scorpio S10,Mahindra,2016,310000,39522,Diesel
20,Suzuki Alto,Maruti,2015,75000,39000,Petrol
21,i20 Sportz,Hyundai,2012,100000,55000,Petrol
22,i20 Sportz,Hyundai,2012,100000,55000,Petrol
23,i20 Sportz,Hyundai,2012,100000,55000,Petrol
24,Suzuki Alto,Maruti,2017,190000,72000,Petrol
25,Suzuki Vitara,Maruti,2016,290000,15975,Diesel
26,Suzuki Alto,Maruti,2008,95000,70000,Petrol
27,Bolero DI,Mahindra,2017,180000,23452,Diesel
28,Suzuki Swift,Maruti,2014,385000,35522,Diesel
29,Scorpio S10,Mahindra,2015,250000,48508,Diesel
30,Suzuki Swift,Maruti,2017,180000,15487,Petrol
31,Suzuki Wagon,Maruti,2013,105000,39000,Petrol
32,Suzuki Wagon,Maruti,2013,105000,39000,Petrol
33,Innova 2.0,Toyota,2012,650000,82000,Diesel
34,Lodgy 85,Renault,2018,689999,20000,Diesel
35,Yeti Ambition,Skoda,2012,448000,68000,Diesel
36,Suzuki Baleno,Maruti,2017,549000,32000,Diesel
37,Duster 110,Renault,2012,501000,38000,Diesel
38,Duster 85,Renault,2013,489999,27000,Diesel
39,City 1.5,Honda,2011,280000,33000,Petrol
40,Suzuki Alto,Maruti,2015,250000,60000,Petrol
41,Suzuki Dzire,Maruti,2013,349999,46000,Diesel
42,Amaze,Honda,2013,284999,46000,Diesel
43,Amaze 1.5,Honda,2015,345000,36000,Diesel
44,City,Honda,2015,499999,55000,Petrol
45,Redi GO,Datsun,2017,235000,16000,Petrol
46,Suzuki SX4,Maruti,2010,249999,36000,Petrol
47,Pajero Sport,Mitsubishi,2015,1475000,47000,Diesel
48,Bolero DI,Mahindra,2017,180000,23452,Diesel
49,Suzuki Swift,Maruti,2014,385000,35522,Diesel
50,Scorpio S10,Mahindra,2015,250000,48508,Diesel
51,Suzuki Swift,Maruti,2017,180000,15487,Petrol
52,Suzuki Wagon,Maruti,2013,105000,39000,Petrol
53,Suzuki Wagon,Maruti,2013,105000,39000,Petrol
54,Scorpio S10,Mahindra,2015,395000,35000,Diesel
55,Suzuki Swift,Maruti,2017,220000,30874,Petrol
56,City ZX,Honda,2017,170000,15000,Diesel
57,Suzuki Wagon,Maruti,2013,85000,29685,Petrol
58,Figo,Ford,2012,175000,41000,Diesel
59,Eon,Hyundai,2013,190000,25000,Petrol
60,Indigo eCS,Tata,2017,200000,130000,Diesel
61,EcoSport Ambiente,Ford,2016,830000,24530,Diesel
62,Indigo eCS,Tata,2017,200000,130000,Diesel
63,Scorpio SLE,Mahindra,2012,570000,19000,Diesel
64,Polo Highline,Volkswagen,2014,315000,60000,Petrol
65,Fabia Classic,Skoda,2010,182000,60000,Petrol
66,Suzuki Stingray,Maruti,2015,315000,30000,Petrol
67,Spark LS,Chevrolet,2010,110000,41000,Petrol
68,Duster 110PS,Renault,2012,501000,35000,Diesel
69,City,Honda,2015,448999,54000,Petrol
70,Cooper S,Mini,2013,1891111,13000,Petrol
71,Redi GO,Datsun,2017,235000,16000,Petrol
72,Fabia 1.2L,Skoda,2011,159500,38200,Diesel
73,Amaze,Honda,2015,344999,22000,Petrol
74,Amaze,Honda,2015,344999,22000,Petrol
75,Duster,Renault,2014,449999,50000,Diesel
76,Cooper S,Mini,2013,1891111,13500,Petrol
77,Scorpio S4,Mahindra,2015,865000,30000,Diesel
78,Scorpio VLX,Mahindra,2014,699000,50000,Diesel
79,Quanto C8,Mahindra,2013,375000,20000,Diesel
80,EcoSport,Ford,2017,489999,39000,Petrol
81,Brio,Honda,2012,224999,30000,Petrol
82,Vento Highline,Volkswagen,2019,1200000,3600,Diesel
83,i20 Magna,Hyundai,2009,195000,32000,Petrol
84,Corolla Altis,Toyota,2010,351000,38000,Diesel
85,Verna Transform,Hyundai,2008,160000,45000,Petrol
86,Corolla Altis,Toyota,2009,240000,35000,Petrol
87,City 1.5,Honda,2005,90000,50000,Petrol
88,Elite i20,Hyundai,2014,415000,32000,Petrol
89,Fabia 1.2L,Skoda,2011,155000,45863,Diesel
90,3 Series,BMW,2011,600000,60500,Petrol
91,Suzuki A,Maruti,2011,189500,12500,Petrol
92,Etios GD,Toyota,2013,350000,60000,Diesel
93,Figo Diesel,Ford,2012,210000,35000,Diesel
94,Suzuki Swift,Maruti,2014,390000,35000,Petrol
95,Beat LT,Chevrolet,2012,135000,45000,Diesel
96,7 Series,BMW,2009,1600000,35000,Petrol
97,XUV500 W8,Mahindra,2013,701000,38000,Diesel
98,i10 Magna,Hyundai,2014,265000,18000,Petrol
99,Verna Fluidic,Hyundai,2015,525000,35000,Diesel
100,Suzuki Swift,Maruti,2013,372000,13349,Petrol
101,Suzuki Ertiga,Maruti,2016,635000,29000,Petrol
102,EcoSport Titanium,Ford,2014,550000,44000,Diesel
103,Suzuki Ertiga,Maruti,2016,575000,29000,Petrol
104,Suzuki Ertiga,Maruti,2013,485000,42000,Diesel
105,Suzuki Alto,Maruti,2012,155000,14000,Petrol
106,Grand i10,Hyundai,2014,345000,49000,Diesel
107,Amaze 1.2,Honda,2014,325000,42000,Petrol
108,i20 Asta,Hyundai,2012,329500,36200,Diesel
109,Figo Diesel,Ford,2014,195000,50000,Diesel
110,Suzuki Eeco,Maruti,2015,251111,55000,Petrol
111,Suzuki Ertiga,Maruti,2014,569999,45000,Petrol
112,Suzuki Esteem,Maruti,2007,69999,51000,Petrol
113,Suzuki Ritz,Maruti,2014,299999,19000,Petrol
114,Suzuki Dzire,Maruti,2009,220000,46000,Petrol
115,Suzuki Ritz,Maruti,2013,399999,33000,Diesel
116,Suzuki Swift,Maruti,2013,372000,13349,Petrol
117,Suzuki Dzire,Maruti,2015,450000,104000,Diesel
118,Etios Liva,Toyota,2014,270000,55000,Petrol
119,i20 Sportz,Hyundai,2011,350000,33333,Diesel
120,Spark,Chevrolet,2012,158400,33600,Petrol
121,Suzuki Alto,Maruti,2017,350000,5600,Petrol
122,Micra XV,Nissan,2011,179000,41000,Petrol
123,Suzuki Swift,Maruti,2007,125000,70000,Petrol
124,Suzuki Alto,Maruti,2018,200000,7500,Petrol
125,Amaze 1.5,Honda,2013,299000,45000,Diesel
126,Suzuki Alto,Maruti,2015,220000,38000,Petrol
127,Beat,Chevrolet,2015,150000,30000,Petrol
128,City 1.5,Honda,2010,285000,35000,Petrol
129,EcoSport Trend,Ford,2016,830000,24330,Diesel
130,i20 Asta,Hyundai,2009,210000,65480,Petrol
131,Suzuki Swift,Maruti,2013,340000,41000,Petrol
132,Indica V2,Tata,2006,90000,20000,Petrol
133,Motors Ambassador,Hindustan,2000,70000,200000,Diesel
134,Corolla Altis,Toyota,2010,289999,70000,Petrol
135,Corolla Altis,Toyota,2012,349999,59000,Petrol
136,Innova 2.5,Toyota,2012,849999,99000,Diesel
137,Jetta Highline,Volkswagen,2014,749999,46000,Diesel
138,Polo Comfortline,Volkswagen,2015,399999,2800,Petrol
139,Polo,Volkswagen,2014,274999,32000,Petrol
140,Scorpio,Mahindra,2015,984999,22000,Diesel
141,Duster,Renault,2014,449999,50000,Diesel
142,Amaze,Honda,2015,344999,22000,Petrol
143,Sunny,Nissan,2012,224999,45000,Petrol
144,Elite i20,Hyundai,2018,599999,21000,Petrol
145,Kwid,Renault,2016,244999,11000,Petrol
146,Duster,Renault,2013,399999,41000,Diesel
147,EcoSport,Ford,2017,489999,39000,Petrol
148,Duster,Renault,2014,474999,50000,Diesel
149,Scorpio VLX,Mahindra,2011,499999,66000,Diesel
150,Suzuki Alto,Maruti,2018,310000,3000,Petrol
151,Spark LT,Chevrolet,2010,85000,45000,Petrol
152,Redi GO,Datsun,2016,245000,7000,Petrol
153,Suzuki Swift,Maruti,2010,189500,38500,Diesel
154,Punto Emotion,Fiat,2012,169500,37200,Diesel
155,Suzuki Swift,Maruti,2010,159500,43200,Diesel
156,Etios GD,Toyota,2013,275000,24800,Petrol
157,i20 Sportz,Hyundai,2014,370000,60000,Diesel
158,i10 Sportz,Hyundai,2010,168000,45872,Petrol
159,Beat LT,Chevrolet,2011,150000,40000,Diesel
160,Beat LS,Chevrolet,2011,145000,45000,Diesel
161,Beat LT,Chevrolet,2012,98500,38000,Diesel
162,Scorpio VLX,Mahindra,2014,699000,50000,Diesel
163,Indigo CS,Tata,2011,85000,11400,Diesel
164,Corolla Altis,Toyota,2015,575000,42000,Petrol
165,City 1.5,Honda,2014,549000,39000,Petrol
166,Suzuki Swift,Maruti,2011,209000,47000,Diesel
167,Eon Era,Hyundai,2013,185000,27000,Petrol
168,Scorpio S10,Mahindra,2015,900000,97200,Diesel
169,XUV500,Mahindra,2014,699999,52000,Diesel
170,Brio,Honda,2012,224999,30000,Petrol
171,Fiesta,Ford,2011,274999,55000,Diesel
172,Amaze,Honda,2013,284999,46000,Diesel
173,City,Honda,2015,599999,30000,Diesel
174,Suzuki Wagon,Maruti,2012,199999,44000,Petrol
175,City,Honda,2014,544999,45000,Diesel
176,i20,Hyundai,2009,199000,31000,Petrol
177,Indigo eCS,Tata,2016,320000,175430,Diesel
178,Fluidic Verna,Hyundai,2015,540000,38000,Diesel
179,Quanto C8,Mahindra,2013,340000,37000,Diesel
180,Petra ELX,Fiat,2008,75000,65000,Petrol
181,Fabia 1.2L,Skoda,2011,159500,38200,Diesel
182,Cooper S,Mini,2013,1891111,13000,Petrol
183,Santro Xing,Hyundai,2005,49000,7500,Petrol
184,Suzuki Ciaz,Maruti,2016,700000,3350,Petrol
185,Suzuki Zen,Maruti,2000,55000,60000,Petrol
186,City,Honda,2015,448999,54000,Petrol
187,Creta 1.6,Hyundai,2017,895000,32000,Petrol
188,Scorpio SLX,Mahindra,2007,355000,75000,Diesel
189,Scorpio SLE,Mahindra,2012,565000,62000,Diesel
190,Innova 2.5,Toyota,2006,365000,73000,Diesel
191,Suzuki Alto,Maruti,2011,145000,41000,Petrol
192,Suzuki Wagon,Maruti,2011,210000,35000,Petrol
193,Nano Cx,Tata,2013,40000,2200,Petrol
194,Suzuki Alto,Maruti,2013,125000,39000,Petrol
195,Suzuki Wagon,Maruti,2009,135000,45000,Petrol
196,Suzuki Swift,Maruti,2006,135000,45000,Petrol
197,Sumo Victa,Tata,2012,285000,65000,Diesel
198,Suzuki Wagon,Maruti,2010,145000,54870,Petrol
199,Suzuki Alto,Maruti,2010,135000,34580,Petrol
200,Passat Diesel,Volkswagen,2009,450000,97000,Diesel
201,Scala RxL,Renault,2015,375000,25000,Diesel
202,Quanto C8,Mahindra,2013,375000,20000,Diesel
203,Grand i10,Hyundai,2014,365000,20000,Petrol
204,i20 Active,Hyundai,2015,500000,18000,Petrol
205,Xylo E4,Mahindra,2012,400000,35000,Diesel
206,Jeep MM,Mahindra,2019,390000,60,Diesel
207,Duster 110PS,Renault,2012,501000,35000,Diesel
208,Bolero SLE,Mahindra,2013,330000,80200,Diesel
209,Motors Force,Force,2015,580000,3200,Diesel
210,Suzuki SX4,Maruti,2012,265000,46000,Diesel
211,Jeep CL550,Mahindra,2019,379000,0,Diesel
212,Suzuki Alto,Maruti,2015,219000,5000,Petrol
213,Jeep CL550,Mahindra,2018,385000,588,Diesel
214,Etios,Toyota,2011,275000,36000,Diesel
215,Polo,Volkswagen,2015,330000,38000,Diesel
216,City ZX,Honda,2008,110000,45000,Petrol
217,Suzuki Wagon,Maruti,2006,80000,71200,Petrol
218,City VX,Honda,2016,519000,52000,Diesel
219,Thar CRDe,Mahindra,2016,730000,29000,Diesel
220,Pajero Sport,Mitsubishi,2015,1475000,47000,Diesel
221,A4 1.8,Audi,2009,699000,47000,Petrol
222,Benz GLA,Mercedes,2015,2000000,20000,Diesel
223,Rover Freelander,Land,2015,2100000,30000,Diesel
224,Kwid RXT,Renault,2017,340000,5000,Petrol
225,Aria Pleasure,Tata,2014,390000,35000,Diesel
226,Benz B,Mercedes,2014,1400000,31000,Petrol
227,GO T,Datsun,2016,245000,7000,Petrol
228,Indigo eCS,Tata,2016,320000,175430,Diesel
229,Indigo eCS,Tata,2016,320000,175400,Diesel
230,Jazz VX,Honda,2016,450000,41000,Petrol
231,Amaze 1.2,Honda,2014,311000,33000,Petrol
232,Amaze,Honda,2013,284999,46000,Diesel
233,City,Honda,2012,399999,45000,Petrol
234,City,Honda,2015,599999,39000,Diesel
235,Amaze,Honda,2015,344999,22000,Petrol
236,A4 1.8,Audi,2009,699000,47000,Petrol
237,Motors Force,Force,2015,580000,3200,Diesel
238,Scorpio S4,Mahindra,2015,855000,30000,Diesel
239,i20 Active,Hyundai,2015,535000,37000,Diesel
240,Cooper S,Mini,2013,1891111,13000,Petrol
241,Suzuki Ciaz,Maruti,2017,699000,14000,Petrol
242,Tavera Neo,Chevrolet,2013,375000,55000,Diesel
243,Amaze,Honda,2013,284999,46000,Diesel
244,Eon Sportz,Hyundai,2012,178000,30000,Petrol
245,Sumo Gold,Tata,2013,300000,50000,Diesel
246,Suzuki Wagon,Maruti,2003,90000,45000,Petrol
247,Suzuki Esteem,Maruti,2006,95000,45000,Petrol
248,Suzuki Eeco,Maruti,2015,255000,9300,Petrol
249,Enjoy 1.4,Chevrolet,2013,245000,55000,Diesel
250,i20 Asta,Hyundai,2012,329500,36200,Diesel
251,Figo Diesel,Ford,2014,195000,50000,Diesel
252,Suzuki Eeco,Maruti,2015,251111,55000,Petrol
253,Suzuki Ertiga,Maruti,2014,569999,45000,Petrol
254,Suzuki Esteem,Maruti,2007,69999,51000,Petrol
255,Suzuki Ritz,Maruti,2014,299999,19000,Petrol
256,Suzuki Dzire,Maruti,2009,220000,46000,Petrol
257,Suzuki Ritz,Maruti,2013,399999,33000,Diesel
258,Suzuki SX4,Maruti,2010,249999,36000,Petrol
259,Suzuki Wagon,Maruti,2015,289999,22000,Petrol
260,Cooper S,Mini,2013,1891111,13500,Petrol
261,Terrano XL,Nissan,2015,499999,60000,Diesel
262,Duster 85,Renault,2013,489999,27000,Diesel
263,Duster 85,Renault,2014,489999,59000,Diesel
264,Duster 85,Renault,2015,549999,19000,Diesel
265,Suzuki Dzire,Maruti,2013,380000,30000,Petrol
266,Kwid RXT,Renault,2018,325000,15000,Petrol
267,Suzuki Maruti,Maruti,2003,57000,56758,Petrol
268,Kwid 1.0,Renault,2018,349999,10000,Petrol
269,Lodgy 85,Renault,2018,689999,20000,Diesel
270,Scala RxL,Renault,2014,349999,49000,Diesel
271,Grand i10,Hyundai,2014,410000,41000,Petrol
272,Suzuki Swift,Maruti,2011,225000,45000,Petrol
273,Beat LS,Chevrolet,2010,120000,43000,Petrol
274,Indigo eCS,Tata,2016,320000,175430,Diesel
275,Santro Xing,Hyundai,2000,59000,56450,Petrol
276,Fluidic Verna,Hyundai,2015,540000,38000,Diesel
277,Beat LS,Chevrolet,2010,80000,56000,Petrol
278,Quanto C8,Mahindra,2013,340000,37000,Diesel
279,Petra ELX,Fiat,2008,75000,65000,Petrol
280,Beat LS,Chevrolet,2015,220000,32700,Petrol
281,Fabia 1.2L,Skoda,2011,159500,38200,Diesel
282,EcoSport Titanium,Ford,2016,599000,30000,Diesel
283,Accent GLX,Hyundai,2006,80000,56000,Petrol
284,TUV300 T4,Mahindra,2016,675000,9000,Diesel
285,Cooper S,Mini,2013,1891111,13000,Petrol
286,Cooper S,Mini,2013,1891111,13000,Petrol
287,Indica V2,Tata,2008,150000,11000,Petrol
288,Cooper S,Mini,2013,1891111,13000,Petrol
289,Indigo CS,Tata,2009,72500,46000,Diesel
290,Suzuki Swift,Maruti,2019,610000,73,Petrol
291,Scorpio VLX,Mahindra,2004,230000,160000,Diesel
292,Accord,Honda,2009,175000,58559,Petrol
293,Scorpio S4,Mahindra,2015,855000,30000,Diesel
294,Tavera Neo,Chevrolet,2013,375000,55000,Diesel
295,EcoSport Titanium,Ford,2014,520000,57000,Diesel
296,Suzuki Ertiga,Maruti,2015,524999,50000,Diesel
297,Amaze,Honda,2014,299999,37000,Petrol
298,Suzuki Dzire,Maruti,2012,299999,40000,Petrol
299,City,Honda,2011,284999,55000,Petrol
300,Scorpio 2.6,Mahindra,2007,220000,170000,Diesel
301,Suzuki Dzire,Maruti,2014,424999,55000,Diesel
302,City,Honda,2015,644999,39000,Petrol
303,Mobilio,Honda,2014,399999,44000,Petrol
304,Corolla Altis,Toyota,2009,199999,65000,Petrol
305,City,Honda,2014,584999,39000,Petrol
306,Laura,Skoda,2012,349999,44000,Diesel
307,Duster,Renault,2015,449999,49000,Diesel
308,Suzuki Ertiga,Maruti,2018,799999,9000,Diesel
309,Suzuki Dzire,Maruti,2015,444999,45000,Diesel
310,XUV500,Mahindra,2014,649999,47000,Diesel
311,Verna Fluidic,Hyundai,2012,444999,40000,Diesel
312,Suzuki Vitara,Maruti,2016,689999,29000,Diesel
313,Suzuki Wagon,Maruti,2016,344999,15000,Petrol
314,Scorpio,Mahindra,2015,944999,45000,Diesel
315,Amaze,Honda,2014,274999,35000,Petrol
316,XUV500,Mahindra,2013,689999,80000,Diesel
317,Scorpio,Mahindra,2013,574999,68000,Diesel
318,Laura,Skoda,2013,374999,50000,Diesel
319,Polo,Volkswagen,2010,199999,60000,Diesel
320,Elite i20,Hyundai,2016,549999,9000,Petrol
321,Manza Aura,Tata,2012,130000,72000,Diesel
322,Sail UVA,Chevrolet,2013,210000,60000,Petrol
323,Duster 110,Renault,2012,501000,38000,Diesel
324,Verna Fluidic,Hyundai,2013,401000,45000,Diesel
325,A4 2.0,Audi,2012,1350000,40000,Diesel
326,Elantra SX,Hyundai,2013,600000,20000,Petrol
327,Scorpio VLX,Mahindra,2013,610000,35000,Diesel
328,KUV100 K8,Mahindra,2016,400000,20000,Diesel
329,Scala RxL,Renault,2015,375000,25000,Diesel
330,Quanto C8,Mahindra,2013,375000,20000,Diesel
331,Grand i10,Hyundai,2014,365000,20000,Petrol
332,i20 Active,Hyundai,2015,500000,18000,Petrol
333,Xylo E4,Mahindra,2012,400000,35000,Diesel
334,Grand i10,Hyundai,2017,524999,6821,Petrol
335,i20,Hyundai,2014,449999,23000,Petrol
336,Eon,Hyundai,2014,174999,14000,Petrol
337,i10,Hyundai,2012,244999,38000,Petrol
338,i20 Active,Hyundai,2015,574999,35000,Diesel
339,Redi GO,Datsun,2017,244999,22000,Petrol
340,Etios Liva,Toyota,2011,239999,41000,Petrol
341,Accent,Hyundai,2010,99999,45000,Petrol
342,Verna,Hyundai,2014,489999,44000,Diesel
343,Suzuki Swift,Maruti,2013,324999,45000,Diesel
344,Fortuner,Toyota,2011,1074999,52000,Diesel
345,i10 Sportz,Hyundai,2012,230000,34000,Petrol
346,Bolero Power,Mahindra,2018,699000,1800,Diesel
347,XUV500,Mahindra,2015,1000000,15000,Diesel
348,City 1.5,Honda,2010,240000,400000,Petrol
349,Spark LT,Chevrolet,2009,110000,44000,Petrol
350,Jeep MM,Mahindra,2019,390000,60,Diesel
351,Duster 110PS,Renault,2012,501000,35000,Diesel
352,XUV500,Mahindra,2016,1130000,72000,Diesel
353,Indigo eCS,Tata,2014,250000,40000,Diesel
354,Bolero SLE,Mahindra,2013,330000,80200,Diesel
355,Motors Force,Force,2015,580000,3200,Diesel
356,Rapid Elegance,Skoda,2013,340000,48000,Diesel
357,Vista Quadrajet,Tata,2011,120000,90000,Diesel
358,Suzuki Alto,Maruti,2015,265000,12000,Petrol
359,Suzuki SX4,Maruti,2012,265000,46000,Diesel
360,Suzuki Zen,Maruti,2003,85000,69900,Petrol
361,Jeep CL550,Mahindra,2019,379000,0,Diesel
362,i10 Magna,Hyundai,2011,175000,45000,Petrol
363,Suzuki Alto,Maruti,2015,219000,5000,Petrol
364,Suzuki Swift,Maruti,2016,350000,166000,Diesel
365,City ZX,Honda,2008,149000,42000,Petrol
366,Jeep CL550,Mahindra,2018,385000,588,Diesel
367,Jeep MM,Mahindra,2006,425000,122,Diesel
368,Beat Diesel,Chevrolet,2017,150000,62000,Diesel
369,City 1.5,Honda,2010,225000,70000,Petrol
370,Verna 1.4,Hyundai,2014,375000,36000,Petrol
371,Innova 2.5,Toyota,2012,770000,0,Diesel
372,Suzuki Maruti,Maruti,1995,30000,55000,Petrol
373,Etios,Toyota,2011,275000,36000,Diesel
374,Polo,Volkswagen,2015,330000,38000,Diesel
375,Suzuki Swift,Maruti,2014,335000,55000,Diesel
376,Elite i20,Hyundai,2015,450000,20000,Diesel
377,Suzuki Swift,Maruti,2012,225000,40000,Petrol
378,Suzuki Versa,Maruti,2004,80000,50000,Petrol
379,Indigo LX,Tata,2016,130000,104000,Diesel
380,Vento Konekt,Volkswagen,2011,245000,65000,Diesel
381,Benz C,Mercedes,2002,399000,41000,Petrol
382,Suzuki Ertiga,Maruti,2013,450000,90000,Diesel
383,City,Honda,2000,65000,80000,Petrol
384,Santro Xing,Hyundai,2006,75000,46000,Petrol
385,Suzuki Omni,Maruti,2001,70000,70000,Petrol
386,Sonata Transform,Hyundai,2017,190000,36469,Diesel
387,Elite i20,Hyundai,2018,600000,7800,Petrol
388,Vento Konekt,Volkswagen,2011,245000,65000,Diesel
389,Suzuki Alto,Maruti,2017,240000,60000,Petrol
390,Suzuki Alto,Maruti,2011,155000,32000,Petrol
391,Jazz S,Honda,2009,169999,24695,Petrol
392,Grand i10,Hyundai,2017,450000,15141,Petrol
393,Suzuki Zen,Maruti,2001,40000,40000,Petrol
394,Scorpio W,Mahindra,2012,165000,65000,Diesel
395,Suzuki Alto,Maruti,2014,270000,22000,Petrol
396,Grand i10,Hyundai,2016,280000,59910,Diesel
397,XUV500 W8,Mahindra,2012,560000,100000,Diesel
398,Creta 1.6,Hyundai,2016,950000,25000,Petrol
399,i20 Magna,Hyundai,2013,310000,35000,Petrol
400,Duster 85,Renault,2015,715000,65000,Diesel
401,Grand i10,Hyundai,2014,340000,35000,Petrol
402,Brio V,Honda,2012,235000,33000,Petrol
403,TUV300 T4,Mahindra,2017,610000,68000,Diesel
404,Spark LS,Chevrolet,2010,95000,23000,Petrol
405,TUV300 T8,Mahindra,2018,1000000,4500,Diesel
406,Suzuki Swift,Maruti,2015,220000,129000,Diesel
407,X Trail,Nissan,2019,1200000,300,Diesel
408,Suzuki Alto,Maruti,2015,230000,5000,Petrol
409,Ikon 1.3,Ford,2001,45000,65000,Petrol
410,Fortuner 3.0,Toyota,2010,940000,131000,Diesel
411,Manza ELAN,Tata,2010,155555,111111,Petrol
412,Benz A,Mercedes,2013,1500000,14000,Petrol
413,Beat LS,Chevrolet,2016,210000,22000,Diesel
414,EcoSport Trend,Ford,2013,495000,38000,Diesel
415,Indigo LS,Tata,2016,125000,70000,Diesel
416,i20 Magna,Hyundai,2010,195000,36000,Petrol
417,Vento Highline,Volkswagen,2015,550000,34000,Diesel
418,Kwid RXT,Renault,2015,270000,43000,Petrol
419,EcoSport Titanium,Ford,2014,500000,40000,Diesel
420,Amaze 1.5,Honda,2016,240000,160000,Diesel
421,Verna 1.6,Hyundai,2017,800000,12000,Petrol
422,5 Series,BMW,2011,1299000,49000,Diesel
423,Superb 1.8,Skoda,2011,530000,68000,Petrol
424,Q3 2.0,Audi,2013,1499000,37000,Diesel
425,Bolero DI,Mahindra,2012,220000,59466,Diesel
426,Scorpio S10,Mahindra,2015,900000,97200,Diesel
427,Figo Duratorq,Ford,2012,250000,99000,Diesel
428,Suzuki Wagon,Maruti,2018,395000,25500,Petrol
429,Logan Diesel,Mahindra,2009,130000,66000,Petrol
430,Nano GenX,Tata,2010,32000,44005,Petrol
431,TUV300 T4,Mahindra,2016,540000,35000,Diesel
432,TUV300 T4,Mahindra,2016,540000,35000,Diesel
433,Elite i20,Hyundai,2015,405000,28000,Petrol
434,Elite i20,Hyundai,2015,400000,30000,Petrol
435,City SV,Honda,2017,760000,4000,Petrol
436,Suzuki Baleno,Maruti,2016,500000,28000,Petrol
437,Figo Petrol,Ford,2011,175000,75000,Petrol
438,Scorpio S10,Mahindra,2015,900000,97200,Diesel
439,City,Honda,2017,750000,3000,Petrol
440,Elite i20,Hyundai,2015,419000,20000,Petrol
441,Suzuki Versa,Maruti,2004,90000,50000,Petrol
442,Eon Era,Hyundai,2018,140000,2110,Petrol
443,Pajero Sport,Mitsubishi,2015,1540000,43222,Petrol
444,i10 Magna,Hyundai,2008,275000,100200,Petrol
445,Corolla H2,Toyota,2003,150000,100000,Petrol
446,Suzuki Swift,Maruti,2011,230000,65,Petrol
447,Indigo CS,Tata,2015,123000,100000,Diesel
448,Scorpio S10,Mahindra,2015,900000,97200,Diesel
449,Scorpio S10,Mahindra,2015,900000,97200,Diesel
450,Xcent Base,Hyundai,2016,300000,140000,Diesel
451,City,Honda,2015,499999,55000,Petrol
452,Accent Executive,Hyundai,2009,165000,48000,Petrol
453,Suzuki Baleno,Maruti,2016,498000,22000,Petrol
454,Zest XE,Tata,2018,480000,103553,Diesel
455,Suzuki Dzire,Maruti,2017,488000,80000,Diesel
456,Sumo Gold,Tata,2014,250000,99000,Diesel
457,Corolla Altis,Toyota,2010,220000,58000,Petrol
458,Suzuki Eeco,Maruti,2013,290000,70000,LPG
459,Fortuner 3.0,Toyota,2015,1525000,120000,Diesel
460,XUV500 W6,Mahindra,2013,548900,49800,Diesel
461,Tigor Revotron,Tata,2019,650000,100,Diesel
462,Suzuki 800,Maruti,2001,55000,81876,Petrol
463,Suzuki Ertiga,Maruti,2015,550000,75000,Petrol
464,Suzuki Versa,Maruti,2004,90000,50000,Petrol
465,Mobilio S,Honda,2014,399000,44000,Diesel
466,Suzuki Ertiga,Maruti,2016,730000,55000,Diesel
467,Suzuki Vitara,Maruti,2017,725000,36000,Diesel
468,Verna 1.6,Hyundai,2016,195000,56000,Diesel
469,Suzuki Swift,Maruti,2007,130000,62000,Petrol
470,Fortuner 3.0,Toyota,2015,1525000,120000,Diesel
471,Suzuki Omni,Maruti,2014,190000,6020,Petrol
472,Amaze,Honda,2013,250000,55700,Diesel
473,Indica,Tata,2005,80000,42000,Petrol
474,Santro Xing,Hyundai,2003,120000,50000,Petrol
475,Suzuki Zen,Maruti,2010,149000,35000,Petrol
476,Suzuki Wagon,Maruti,2014,250000,18500,Petrol
477,Suzuki Wagon,Maruti,2007,120000,7000,Petrol
478,Brio VX,Honda,2017,450000,11000,Petrol
479,Suzuki Zen,Maruti,2003,99999,53000,Petrol
480,Suzuki Zen,Maruti,2008,135000,23000,Petrol
481,Suzuki Wagon,Maruti,2016,225000,35500,Diesel
482,Suzuki Alto,Maruti,2010,99000,22134,Petrol
483,Kwid RXT,Renault,2019,370000,1000,Petrol
484,Nano Lx,Tata,2010,52000,9000,Petrol
485,XE XE,Jaguar,2016,2800000,8500,Petrol
486,Eon Magna,Hyundai,2014,190000,35000,Petrol
487,City 1.5,Honda,2014,499000,22000,Petrol
488,Motors Ambassador,Hindustan,2002,90000,25000,Diesel
489,Suzuki Ritz,Maruti,2010,149000,40000,Petrol
490,Grand i10,Hyundai,2017,400000,20000,Petrol
491,Eon D,Hyundai,2016,120000,87000,Petrol
492,Suzuki Swift,Maruti,2015,250000,55000,Petrol
493,Suzuki Wagon,Maruti,2017,375000,23000,Petrol
494,Amaze 1.2,Honda,2014,381000,6000,Petrol
495,Suzuki Estilo,Maruti,2013,180000,65000,Petrol
496,Suzuki Vitara,Maruti,2016,580000,25000,Diesel
497,Suzuki Eeco,Maruti,2015,278000,39000,Petrol
498,Creta 1.6,Hyundai,2016,1000000,8000,Petrol
499,Scorpio Vlx,Mahindra,2013,690000,75000,Diesel
500,Suzuki Ertiga,Maruti,2012,480000,51000,Diesel
501,Lancer 1.8,Mitsubishi,2006,85000,50000,Petrol
502,Suzuki Maruti,Maruti,2001,40000,75000,Petrol
503,Suzuki Alto,Maruti,2015,90000,55800,Petrol
504,Grand i10,Hyundai,2015,340000,53000,Petrol
505,Eon D,Hyundai,2018,260000,25000,Petrol
506,Fiesta SXi,Ford,2009,250000,56400,Petrol
507,Suzuki Ritz,Maruti,2010,180000,72160,Diesel
508,Verna Fluidic,Hyundai,2012,350000,10000,Diesel
509,Suzuki Wagon,Maruti,2006,90001,48000,Petrol
510,Suzuki Estilo,Maruti,2007,115000,36000,Petrol
511,A6 2.0,Audi,2012,1599000,11500,Diesel
512,Suzuki Wagon,Maruti,2003,130000,133000,Petrol
513,Suzuki Wagon,Maruti,2009,159000,27000,Petrol
514,Suzuki Wagon,Maruti,2009,160000,35000,Petrol
515,Suzuki Alto,Maruti,2010,110000,55000,Petrol
516,Suzuki Baleno,Maruti,2016,425000,40000,Petrol
517,Verna 1.6,Hyundai,2019,900000,2000,Petrol
518,Suzuki Swift,Maruti,2009,150000,45000,Petrol
519,Getz Prime,Hyundai,2009,110000,20000,Petrol
520,Santro,Hyundai,2000,51999,88000,Petrol
521,Getz Prime,Hyundai,2009,115000,20000,Petrol
522,Beat PS,Chevrolet,2012,215000,65422,Diesel
523,EcoSport Trend,Ford,2017,580000,10000,Petrol
524,Suzuki Dzire,Maruti,2013,380000,35000,Petrol
525,Fluidic Verna,Hyundai,2013,350000,117000,Diesel
526,Indica V2,Tata,2005,35000,150000,Diesel
527,X1 xDrive20d,BMW,2011,1150000,72000,Diesel
528,i20 Asta,Hyundai,2010,300000,10750,Petrol
529,City 1.5,Honda,2009,269000,55000,Petrol
530,Nano,Tata,2013,60000,6800,Petrol
531,Cruze LTZ,Chevrolet,2014,400000,41000,Diesel
532,Verna Fluidic,Hyundai,2015,430000,73000,Diesel
533,Suzuki Swift,Maruti,2011,140000,65000,Diesel
534,XUV500 W10,Mahindra,2018,1299000,40000,Diesel
535,Suzuki Alto,Maruti,2014,199000,37000,Petrol
536,Accent GLE,Hyundai,2006,90000,55000,Petrol
537,Motors One,Force,2013,550000,140000,Diesel
538,Suzuki Alto,Maruti,2019,265000,9800,Petrol
539,Spark 1.0,Chevrolet,2011,100000,27000,Petrol
540,i10,Hyundai,2009,215000,27000,Petrol
541,Etios Liva,Toyota,2012,380000,20000,Diesel
542,Duster 85PS,Renault,2013,401919,57923,Diesel
543,Enjoy,Chevrolet,2014,490000,30201,Diesel
544,Suzuki Alto,Maruti,2017,280000,6200,Petrol
545,5 Series,BMW,2009,650000,37518,Petrol
546,Etios Liva,Toyota,2014,160000,24652,Petrol
547,Jeep MM,Mahindra,2004,424000,383,Diesel
548,Beat LS,Chevrolet,2016,225000,95000,Diesel
549,Cruze LTZ,Chevrolet,2011,350000,35000,Diesel
550,Wrangler Unlimited,Jeep,2015,950000,3528,Diesel
551,Suzuki Ertiga,Maruti,2013,485000,52500,Diesel
552,Verna VGT,Hyundai,2010,205000,47900,Diesel
553,Suzuki Omni,Maruti,2012,160000,14000,Petrol
554,Suzuki Celerio,Maruti,2018,310000,37000,Petrol
555,Zest Quadrajet,Tata,2017,180000,90000,Diesel
556,XUV500 W6,Mahindra,2013,549900,52800,Diesel
557,Indigo CS,Tata,2016,150000,104000,Diesel
558,i10 Era,Hyundai,2011,175000,30000,Petrol
559,Indigo eCS,Tata,2014,95000,195000,Diesel
560,Indigo LX,Tata,2016,230000,104000,Diesel
561,Indigo eCS,Tata,2016,230000,104000,Diesel
562,Indigo Marina,Tata,2004,180000,70000,Diesel
563,Xcent SX,Hyundai,2015,400000,43000,Diesel
564,Eon Magna,Hyundai,2013,185000,23000,Petrol
565,Duster 85,Renault,2015,385000,51000,Diesel
566,Suzuki Alto,Maruti,2009,90000,62000,Petrol
567,Nano LX,Tata,2010,32000,48008,Petrol
568,Duster 110,Renault,2013,435000,39000,Diesel
569,Suzuki Wagon,Maruti,2010,225000,40000,Petrol
570,Suzuki Swift,Maruti,2006,189700,48247,Petrol
571,Suzuki Ertiga,Maruti,2012,389700,39000,Diesel
572,Suzuki Swift,Maruti,2014,365000,23000,Petrol
573,Suzuki Alto,Maruti,2017,360000,9400,Petrol
574,i20 Magna,Hyundai,2010,210000,50000,Petrol
575,i10 Magna,Hyundai,2009,170000,75000,Petrol
576,Zest XE,Tata,2017,380000,70000,Diesel
577,Xylo E8,Mahindra,2009,295000,64000,Diesel
578,Corolla Altis,Toyota,2010,185000,55000,Petrol
579,Manza Aqua,Tata,2014,160000,200000,Diesel
580,Kwid 1.0,Renault,2018,290000,2137,Petrol
581,Venture EX,Tata,2013,100000,30000,Diesel
582,Suzuki Swift,Maruti,2014,315000,44000,Petrol
583,Octavia Classic,Skoda,2006,114990,65000,Diesel
584,Suzuki Omni,Maruti,2012,120000,160000,LPG
585,Beat Diesel,Chevrolet,2011,125000,56000,Diesel
586,Sumo Gold,Tata,2012,210000,75000,Diesel
587,Verna 1.6,Hyundai,2018,855000,42000,Diesel
588,Sumo Gold,Tata,2012,210000,75000,Diesel
589,Scorpio 2.6,Mahindra,2007,260000,56000,Diesel
590,Suzuki Zen,Maruti,2002,95000,10544,Petrol
591,Suzuki Swift,Maruti,2011,255000,64000,Petrol
592,Scorpio SLX,Mahindra,2008,300000,70000,Diesel
593,Grand i10,Hyundai,2014,340000,25000,Petrol
594,Elite i20,Hyundai,2017,550000,15000,Petrol
595,Ikon 1.6,Ford,2003,60000,50000,Petrol
596,Innova 2.5,Toyota,2011,750000,147000,Diesel
597,Sunny XL,Nissan,2011,230000,52000,Petrol
598,Beat LT,Chevrolet,2012,130000,90001,Diesel
599,Suzuki Alto,Maruti,2017,270000,21000,Petrol
600,Suzuki Swift,Maruti,2012,280000,48006,Diesel
601,Suzuki Swift,Maruti,2012,280000,48006,Diesel
602,Suzuki Swift,Maruti,2012,280000,48006,Diesel
603,Innova 2.0,Toyota,2012,600000,80000,Diesel
604,Suzuki Swift,Maruti,2010,190000,74000,Diesel
605,Elite i20,Hyundai,2015,500000,22000,Petrol
606,XUV500 W10,Mahindra,2016,1065000,41000,Diesel
607,Polo Trendline,Volkswagen,2015,350000,25000,Diesel
608,Etios Liva,Toyota,2012,350000,85000,Diesel
609,TUV300 T4,Mahindra,2016,540000,29500,Diesel
610,Elite i20,Hyundai,2015,470000,30000,Petrol
611,Santro Xing,Hyundai,2014,179000,57000,Petrol
612,Suzuki Zen,Maruti,2003,48000,60000,Petrol
613,Suzuki Ciaz,Maruti,2016,650000,50000,Petrol
614,Eon Era,Hyundai,2013,190000,39700,Petrol
615,Elantra 1.8,Hyundai,2012,500000,65000,Petrol
616,Suzuki Swift,Maruti,2010,270000,67000,Diesel
617,Suzuki Zen,Maruti,2008,125000,46000,Petrol
618,Eon Era,Hyundai,2012,188000,38000,Petrol
619,Grand i10,Hyundai,2016,380000,27000,Petrol
620,Verna Fluidic,Hyundai,2011,365000,43000,Diesel
621,EcoSport Trend,Ford,2014,465000,47000,Petrol
622,i20 Magna,Hyundai,2011,240000,42000,Petrol
623,Beat Diesel,Chevrolet,2016,179999,19336,Diesel
624,Indica eV2,Tata,2015,140000,60105,Diesel
625,XF 2.2,Jaguar,2013,2190000,29000,Diesel
626,Q5 2.0,Audi,2014,2390000,34000,Diesel
627,3 Series,BMW,2011,1075000,35000,Diesel
628,Suzuki Swift,Maruti,2015,475000,22000,Petrol
629,X1 sDrive20d,BMW,2012,1025000,41000,Diesel
630,Suzuki S,Maruti,2016,615000,21000,Diesel
631,Suzuki Ertiga,Maruti,2013,475000,48000,Diesel
632,Suzuki Alto,Maruti,2016,270000,38000,Petrol
633,City SV,Honda,2014,475000,34000,Diesel
634,Vento Comfortline,Volkswagen,2011,240000,45933,Petrol
635,City 1.5,Honda,2005,120000,68000,Petrol
636,A4 2.0,Audi,2016,1900000,44000,Diesel
637,KUV100,Mahindra,2017,360000,35000,Diesel
638,Zest XE,Tata,2018,450000,102563,Diesel
639,XUV500 W8,Mahindra,2015,900000,28600,Diesel
640,Suzuki Swift,Maruti,2017,650000,41800,Diesel
641,Sumo Gold,Tata,2014,275000,116000,Diesel
642,Suzuki Swift,Maruti,2009,210000,59000,Petrol
643,Scorpio 2.6,Mahindra,2004,175000,58000,Diesel
644,Suzuki Omni,Maruti,2009,85000,45000,Petrol
645,Pajero Sport,Mitsubishi,2015,1490000,42590,Diesel
646,Duster,Renault,2014,800000,7400,Diesel
647,Jetta Comfortline,Volkswagen,2009,450000,54500,Diesel
648,Suzuki Ertiga,Maruti,2012,1000000,200000,Diesel
649,A4 2.0,Audi,2013,1510000,27000,Diesel
650,S80 Summum,Volvo,2015,1850000,42000,Diesel
651,Corolla Altis,Toyota,2014,790000,29000,Petrol
652,Pajero Sport,Mitsubishi,2015,1725000,37000,Diesel
653,Beat LT,Chevrolet,2012,135000,36000,Petrol
654,X1,BMW,2011,1000000,34000,Diesel
655,Redi GO,Datsun,2018,299999,7000,Petrol
656,Benz C,Mercedes,2009,1225000,76000,Diesel
657,Scorpio SLX,Mahindra,2004,175000,60000,Diesel
658,Vento Comfortline,Volkswagen,2011,200000,95000,Diesel
659,Indigo CS,Tata,2017,270000,50000,Diesel
660,Figo Petrol,Ford,2019,525000,0,Petrol
661,City ZX,Honda,2006,180000,50000,Petrol
662,Suzuki Wagon,Maruti,2008,140000,68000,Petrol
663,EcoSport Trend,Ford,2014,400000,16000,Petrol
664,Suzuki Swift,Maruti,2016,499000,51000,Diesel
665,Suzuki Omni,Maruti,2009,85000,56000,Petrol
666,Suzuki Zen,Maruti,2004,70000,100000,Petrol
667,Duster RxL,Renault,2015,550000,36000,Petrol
668,Suzuki Swift,Maruti,2014,370000,11523,Petrol
669,Suzuki Baleno,Maruti,2018,690000,1000,Petrol
670,WR V,Honda,2009,250000,60000,Petrol
671,Indigo CS,Tata,2016,110000,85000,Diesel
672,Duster 110,Renault,2013,490000,38600,Diesel
673,Scorpio LX,Mahindra,2009,320000,95500,Diesel
674,Suzuki Zen,Maruti,2004,68000,56000,Petrol
675,Suzuki Wagon,Maruti,2014,130000,37458,Petrol
676,Suzuki SX4,Maruti,2016,970000,85960,Diesel
677,A3 Cabriolet,Audi,2015,3100000,12516,Petrol
678,Eon D,Hyundai,2018,280000,35000,Petrol
679,Suzuki Zen,Maruti,2009,125000,0,Petrol
680,Scorpio SLX,Mahindra,2008,285000,80000,Diesel
681,Santro AE,Hyundai,2011,165000,45000,Petrol
682,Suzuki Swift,Maruti,2009,250000,51000,Diesel
683,Scorpio S4,Mahindra,2015,865000,30000,Diesel
684,Xylo D2,Mahindra,2011,390000,48000,Diesel
685,Santro,Hyundai,2003,60000,51000,Petrol
686,Beat LT,Chevrolet,2015,215000,90000,Diesel
687,Suzuki Swift,Maruti,2015,475000,43000,Diesel
688,XUV500 W8,Mahindra,2015,899000,53000,Diesel
689,Fortuner 3.0,Toyota,2013,1499000,97000,Diesel
690,Suzuki Alto,Maruti,2013,240000,20000,Petrol
691,Getz GLE,Hyundai,2007,99000,55000,Petrol
692,Suzuki Swift,Maruti,2014,260000,120000,Diesel
693,Creta 1.6,Hyundai,2019,1200000,0,Petrol
694,Santro Xing,Hyundai,2007,115000,46000,Petrol
695,Santro Xing,Hyundai,2009,88000,43200,Petrol
696,Xylo D2,Mahindra,2011,390000,56000,Diesel
697,Santro Xing,Hyundai,2007,135000,42000,Petrol
698,Indica V2,Tata,2009,90000,30600,Diesel
699,i10 Sportz,Hyundai,2011,220000,38000,Petrol
700,Grand i10,Hyundai,2017,424999,2550,Petrol
701,Santro Xing,Hyundai,2007,135000,47000,Petrol
702,City 1.5,Honda,2005,95000,41000,Petrol
703,Micra XL,Nissan,2017,430000,62500,Diesel
704,City 1.5,Honda,2005,115000,68000,Petrol
705,Suzuki Alto,Maruti,2015,215000,50000,Petrol
706,Suzuki Wagon,Maruti,2004,53000,69000,Petrol
707,Suzuki Ertiga,Maruti,2012,500000,48000,Diesel
708,Indica eV2,Tata,2012,85000,55000,Diesel
709,Suzuki Omni,Maruti,2013,165000,25000,Petrol
710,Eon Era,Hyundai,2014,200000,28400,Petrol
711,Eon,Hyundai,2014,200000,28000,Petrol
712,Suzuki Swift,Maruti,2015,425000,42000,Diesel
713,Verna 1.6,Hyundai,2012,600000,29000,Diesel
714,Tavera LS,Chevrolet,2005,130000,68485,Diesel
715,Tiago Revotron,Tata,2018,430000,3500,Petrol
716,Tiago Revotorq,Tata,2019,568500,0,Petrol
717,Suzuki Zen,Maruti,2006,71000,32000,Petrol
718,KUV100 K8,Mahindra,2018,560000,8000,Diesel
719,EcoSport Titanium,Ford,2014,590000,34000,Diesel
720,Motors Ambassador,Hindustan,1995,750000,37000,Petrol
721,Fusion 1.4,Ford,2007,125000,85455,Diesel
722,Santro Xing,Hyundai,2007,135000,46000,Petrol
723,Santro,Hyundai,2002,60000,47000,Petrol
724,Linea Emotion,Fiat,2009,120000,64000,Petrol
725,Ikon 1.3,Ford,2008,95000,46000,Petrol
726,Suzuki Omni,Maruti,2017,240000,8000,Petrol
727,Indica V2,Tata,2012,115000,64000,Diesel
728,Scorpio S4,Mahindra,2015,795000,63000,Diesel
729,Santro Xing,Hyundai,2007,55000,65000,Petrol
730,Xylo D2,Mahindra,2009,300000,62000,Diesel
731,Grand i10,Hyundai,2014,320000,41000,Petrol
732,Suzuki Alto,Maruti,2015,265000,14000,Petrol
733,Corolla,Toyota,2006,160000,40000,Petrol
734,Eon Magna,Hyundai,2017,300000,1600,Petrol
735,Sumo Grande,Tata,2010,130000,90000,Diesel
736,Suzuki Swift,Maruti,2011,250000,58000,Diesel
737,Polo Highline1.2L,Volkswagen,2013,380000,27000,Petrol
738,Suzuki Alto,Maruti,2003,42000,60000,Petrol
739,Tiago Revotron,Tata,2017,400000,31000,Petrol
740,Suzuki Swift,Maruti,2009,120000,90000,Diesel
741,Suzuki Swift,Maruti,2009,120000,90000,Diesel
742,Indigo eCS,Tata,2016,130000,150000,Diesel
743,Beat LS,Chevrolet,2014,189000,31000,Diesel
744,Xylo E8,Mahindra,2011,365000,43000,Diesel
745,Eon D,Hyundai,2013,170000,20000,Petrol
746,Sumo Gold,Tata,2013,215000,100000,Petrol
747,Nano,Tata,2013,60000,7000,Petrol
748,Elite i20,Hyundai,2017,599999,31000,Petrol
749,i10 Magna,Hyundai,2009,400000,33000,Petrol
750,Creta,Hyundai,2016,900000,60000,Diesel
751,Polo,Volkswagen,2013,299999,48000,Diesel
752,Suzuki Dzire,Maruti,2014,374999,33000,Petrol
753,Bolt XM,Tata,2015,600000,15000,Petrol
754,Suzuki Alto,Maruti,2005,70000,47000,Petrol
755,Suzuki Alto,Maruti,2005,100000,40000,Petrol
756,Suzuki Ritz,Maruti,2010,150000,38000,Diesel
757,Suzuki Alto,Maruti,2017,225000,12500,Petrol
758,Suzuki Dzire,Maruti,2009,210000,42000,Petrol
759,i20 Asta,Hyundai,2014,425000,31000,Petrol
760,Suzuki Swift,Maruti,2008,162000,60000,Diesel
761,Indica V2,Tata,2005,60000,80000,Diesel
762,Scorpio VLX,Mahindra,2014,650000,77000,Diesel
763,Innova 2.5,Toyota,2012,750000,75000,Diesel
764,Xylo E8,Mahindra,2010,375000,40000,Diesel
765,i20 Magna,Hyundai,2011,230000,47000,Petrol
766,Suzuki Omni,Maruti,2000,35999,60000,Petrol
767,KUV100,Mahindra,2016,380000,26500,Petrol
768,KUV100 K8,Mahindra,2019,560000,2875,Petrol
769,Go Plus,Datsun,2016,285000,13900,Petrol
770,Endeavor 4x4,Ford,2019,2900000,9000,Diesel
771,Indica V2,Tata,2005,39999,80000,Diesel
772,Santro Xing,Hyundai,2006,85000,60000,Petrol
773,Suzuki Wagon,Maruti,2016,395000,20000,Petrol
774,Suzuki Swift,Maruti,2008,175000,58000,Diesel
775,Suzuki Alto,Maruti,2019,400000,1500,Petrol
776,Innova 2.5,Toyota,2011,750000,75000,Diesel
777,Suzuki Alto,Maruti,2016,250000,2450,Petrol
778,Suzuki Alto,Maruti,2019,425000,1625,Petrol
779,Polo Highline1.2L,Volkswagen,2017,525000,45000,Petrol
780,Logan,Mahindra,2009,130000,65000,Diesel
781,Suzuki 800,Maruti,2000,30000,33400,Petrol
782,Scorpio,Mahindra,2011,475000,60123,Diesel
783,Sail 1.2,Chevrolet,2013,300000,28000,Petrol
784,Santro AE,Hyundai,2003,60000,70000,Petrol
785,Suzuki Wagon,Maruti,2006,100000,7000,Petrol
786,Eon,Hyundai,2018,260000,25000,Petrol
787,Manza,Tata,2015,100000,100000,Diesel
788,Etios G,Toyota,2013,265000,42000,Petrol
789,Getz Prime,Hyundai,2009,115000,20000,Petrol
790,Qualis,Toyota,2003,180000,100000,Diesel
791,Santro Xing,Hyundai,2004,45000,137495,Petrol
792,Indica eV2,Tata,2016,50500,91200,Diesel
793,City 1.5,Honda,2009,270000,55000,Petrol
794,Zest XE,Tata,2017,290000,120000,Diesel
795,Quanto C4,Mahindra,2013,325000,63000,Diesel
796,Indigo eCS,Tata,2016,160000,104000,Diesel
797,Suzuki Swift,Maruti,2016,350000,146000,Diesel
798,Elite i20,Hyundai,2011,290000,40000,Petrol
799,i20 Select,Hyundai,2011,290000,40000,Petrol
800,Tavera Neo,Chevrolet,2007,465000,100800,Diesel
801,Suzuki Dzire,Maruti,2016,325000,150000,Diesel
802,Elite i20,Hyundai,2018,510000,2100,Petrol
803,City VX,Honda,2016,860000,95000,Petrol
804,Suzuki Dzire,Maruti,2016,450000,2500,Diesel
805,Getz,Hyundai,2006,125000,80000,Petrol
806,Benz C,Mercedes,2006,500001,15000,Petrol
807,Suzuki Alto,Maruti,2005,95000,65000,Petrol
808,Suzuki Swift,Maruti,2009,250000,51000,Diesel
809,Fabia,Skoda,2009,110000,45000,Petrol
810,Suzuki Ritz,Maruti,2011,270000,50000,Petrol
811,Indica V2,Tata,2009,110000,30000,Diesel
812,Corolla Altis,Toyota,2009,300000,132000,Petrol
813,Zest XM,Tata,2018,260000,27000,Diesel
814,Quanto C8,Mahindra,2013,390000,40000,Diesel
